admin0Name_en,admin0Pcode,admin1Name_en,admin1Pcode,admin2Name_en,admin2RefName_en,admin2Pcode,admin2OldPcode
Yemen,YE,Ibb,YE11,Al Dhihar,Al Dhihar,YE1119,YE1119
Yemen,YE,Ibb,YE11,Al Makhadir,Al Makhadir,YE1107,YE1107
Yemen,YE,Ibb,YE11,Al Mashannah,Al Mashannah,YE1118,YE1118
Yemen,YE,Ibb,YE11,Al Qafr,Al Qafr,YE1101,YE1101
Yemen,YE,Ibb,YE11,Al Udayn,Al Udayn,YE1111,YE1111
Yemen,YE,Ibb,YE11,An Nadirah,An Nadirah,YE1104,YE1104
Yemen,YE,Ibb,YE11,Ar Radmah,Ar Radmah,YE1103,YE1103
Yemen,YE,Ibb,YE11,As Sabrah,As Sabrah,YE1114,YE1114
Yemen,YE,Ibb,YE11,As Saddah,As Saddah,YE1106,YE1106
Yemen,YE,Ibb,YE11,As Sayyani,As Sayyani,YE1115,YE1115
Yemen,YE,Ibb,YE11,Ash Sha'ir,Ash Shair,YE1105,YE1105
Yemen,YE,Ibb,YE11,Ba'dan,Badan,YE1113,YE1113
Yemen,YE,Ibb,YE11,Dhi As Sufal,Dhi As Sufal,YE1116,YE1116
Yemen,YE,Ibb,YE11,Far Al Udayn,Far Al Udayn,YE1110,YE1110
Yemen,YE,Ibb,YE11,Hazm Al Udayn,Hazm Al Udayn,YE1109,YE1109
Yemen,YE,Ibb,YE11,Hubaysh,Hubaysh,YE1108,YE1108
Yemen,YE,Ibb,YE11,Ibb,Ibb,YE1120,YE1120
Yemen,YE,Ibb,YE11,Jiblah,Jiblah,YE1112,YE1112
Yemen,YE,Ibb,YE11,Mudhaykhirah,Mudhaykhirah,YE1117,YE1117
Yemen,YE,Ibb,YE11,Yarim,Yarim,YE1102,YE1102
Yemen,YE,Abyan,YE12,Ahwar,Ahwar,YE1209,YE1209
Yemen,YE,Abyan,YE12,Al Mahfad,Al Mahfad,YE1201,YE1201
Yemen,YE,Abyan,YE12,Al Wade'a,Al Wadea,YE1208,YE1208
Yemen,YE,Abyan,YE12,Jayshan,Jayshan,YE1203,YE1203
Yemen,YE,Abyan,YE12,Khanfir,Khanfir,YE1211,YE1211
Yemen,YE,Abyan,YE12,Lawdar,Lawdar,YE1204,YE1204
Yemen,YE,Abyan,YE12,Mudiyah,Mudiyah,YE1202,YE1202
Yemen,YE,Abyan,YE12,Rasad,Rasad,YE1206,YE1206
Yemen,YE,Abyan,YE12,Sarar,Sarar,YE1207,YE1207
Yemen,YE,Abyan,YE12,Sibah,Sibah,YE1205,YE1205
Yemen,YE,Abyan,YE12,Zingibar,Zingibar,YE1210,YE1210
Yemen,YE,Sana'a City,YE13,Al Wahdah,Al Wahdah,YE1306,YE1306
Yemen,YE,Sana'a City,YE13,As Sabain,As Sabain,YE1305,YE1305
Yemen,YE,Sana'a City,YE13,Assafi'yah,Assafiyah,YE1304,YE1304
Yemen,YE,Sana'a City,YE13,At Tahrir,At Tahrir,YE1307,YE1307
Yemen,YE,Sana'a City,YE13,Ath'thaorah,Aththaorah,YE1309,YE1309
Yemen,YE,Sana'a City,YE13,Az'zal,Azzal,YE1303,YE1303
Yemen,YE,Sana'a City,YE13,Bani Al Harith,Bani Al Harith,YE1310,YE1310
Yemen,YE,Sana'a City,YE13,Ma'ain,Maain,YE1308,YE1308
Yemen,YE,Sana'a City,YE13,Old City,Old City,YE1301,YE1301
Yemen,YE,Sana'a City,YE13,Shu'aub,Shuaub,YE1302,YE1302
Yemen,YE,Sana'a City,YE13,Sana'a City Outskirts - Hamdan,Sana'a City Outskirts - Hamdan,YE1319,YE1319
Yemen,YE,Sana'a City,YE13,Sana'a City Outskirts -Sanhan wa Bani Bahlul,Sana'a City Outskirts -Sanhan wa Bani Bahlul,YE1324,YE1324
Yemen,YE,Al Bayda,YE14,Al A'rsh,Al Arsh,YE1416,YE1416
Yemen,YE,Al Bayda,YE14,Al Bayda,Al Bayda,YE1410,YE1410
Yemen,YE,Al Bayda,YE14,Al Bayda City,Al Bayda City,YE1409,YE1409
Yemen,YE,Al Bayda,YE14,Al Malagim,Al Malagim,YE1420,YE1420
Yemen,YE,Al Bayda,YE14,Al Quraishyah,Al Quraishyah,YE1414,YE1414
Yemen,YE,Al Bayda,YE14,Ar Ryashyyah,Ar Ryashyyah,YE1418,YE1418
Yemen,YE,Al Bayda,YE14,As Sawadiyah,As Sawadiyah,YE1411,YE1411
Yemen,YE,Al Bayda,YE14,As Sawma'ah,As Sawmaah,YE1404,YE1404
Yemen,YE,Al Bayda,YE14,Ash Sharyah,Ash Sharyah,YE1419,YE1419
Yemen,YE,Al Bayda,YE14,At Taffah,At Taffah,YE1407,YE1407
Yemen,YE,Al Bayda,YE14,Az Zahir,Az Zahir-Al Bayda,YE1405,YE1405
Yemen,YE,Al Bayda,YE14,Dhi Na'im,Dhi Naim,YE1406,YE1406
Yemen,YE,Al Bayda,YE14,Maswarah,Maswarah,YE1403,YE1403
Yemen,YE,Al Bayda,YE14,Mukayras,Mukayras,YE1408,YE1408
Yemen,YE,Al Bayda,YE14,Na'man,Naman,YE1401,YE1401
Yemen,YE,Al Bayda,YE14,Nati',Nati,YE1402,YE1402
Yemen,YE,Al Bayda,YE14,Rada',Rada,YE1413,YE1413
Yemen,YE,Al Bayda,YE14,Radman Al Awad,Radman Al Awad,YE1412,YE1412
Yemen,YE,Al Bayda,YE14,Sabah,Sabah,YE1417,YE1417
Yemen,YE,Al Bayda,YE14,Wald Rabi',Wald Rabi,YE1415,YE1415
Yemen,YE,Taizz,YE15,Al  Mukha,Al  Mukha,YE1505,YE1506
Yemen,YE,Taizz,YE15,Al Ma'afer,Al Maafer,YE1521,YE1521
Yemen,YE,Taizz,YE15,Al Mawasit,Al Mawasit,YE1522,YE1522
Yemen,YE,Taizz,YE15,Al Misrakh,Al Misrakh,YE1511,YE1512
Yemen,YE,Taizz,YE15,Al Mudhaffar,Al Mudhaffar,YE1517,YE1518
Yemen,YE,Taizz,YE15,Al Qahirah,Al Qahirah,YE1518,YE1519
Yemen,YE,Taizz,YE15,Al Wazi'iyah,Al Waziiyah,YE1515,YE1516
Yemen,YE,Taizz,YE15,As Silw,As Silw,YE1513,YE1514
Yemen,YE,Taizz,YE15,Ash Shamayatayn,Ash Shamayatayn,YE1514,YE1515
Yemen,YE,Taizz,YE15,At Ta'iziyah,At Taiziyah,YE1520,YE1502
Yemen,YE,Taizz,YE15,Dhubab,Dhubab,YE1506,YE1507
Yemen,YE,Taizz,YE15,Dimnat Khadir,Dimnat Khadir,YE1512,YE1513
Yemen,YE,Taizz,YE15,Hayfan,Hayfan,YE1516,YE1517
Yemen,YE,Taizz,YE15,Jabal Habashy,Jabal Habashy,YE1508,YE1509
Yemen,YE,Taizz,YE15,Maqbanah,Maqbanah,YE1504,YE1505
Yemen,YE,Taizz,YE15,Mashra'a Wa Hadnan,Mashraa Wa Hadnan,YE1509,YE1510
Yemen,YE,Taizz,YE15,Mawiyah,Mawiyah,YE1501,YE1501
Yemen,YE,Taizz,YE15,Mawza,Mawza,YE1507,YE1508
Yemen,YE,Taizz,YE15,Sabir Al Mawadim,Sabir Al Mawadim,YE1510,YE1511
Yemen,YE,Taizz,YE15,Salh,Salh,YE1519,YE1520
Yemen,YE,Taizz,YE15,Sama,Sama,YE1523,YE1523
Yemen,YE,Taizz,YE15,Shara'b Ar Rawnah,Sharab Ar Rawnah,YE1503,YE1504
Yemen,YE,Taizz,YE15,Shara'b As Salam,Sharab As Salam,YE1502,YE1503
Yemen,YE,Al Jawf,YE16,Al Ghayl,Al Ghayl,YE1608,YE1608
Yemen,YE,Al Jawf,YE16,Al Hazm,Al Hazm,YE1605,YE1605
Yemen,YE,Al Jawf,YE16,Al Humaydat,Al Humaydat,YE1602,YE1602
Yemen,YE,Al Jawf,YE16,Al Khalq,Al Khalq,YE1609,YE1609
Yemen,YE,Al Jawf,YE16,Al Maslub,Al Maslub,YE1607,YE1607
Yemen,YE,Al Jawf,YE16,Al Matammah,Al Matammah,YE1603,YE1603
Yemen,YE,Al Jawf,YE16,Al Maton,Al Maton,YE1606,YE1606
Yemen,YE,Al Jawf,YE16,Az Zahir,Az Zahir-Al Jawf,YE1604,YE1604
Yemen,YE,Al Jawf,YE16,Bart Al Anan,Bart Al Anan,YE1610,YE1610
Yemen,YE,Al Jawf,YE16,Khabb wa ash Sha'af,Khabb wa ash Shaaf,YE1601,YE1601
Yemen,YE,Al Jawf,YE16,Kharab Al Marashi,Kharab Al Marashi,YE1612,YE1612
Yemen,YE,Al Jawf,YE16,Rajuzah,Rajuzah,YE1611,YE1611
Yemen,YE,Hajjah,YE17,Abs,Abs,YE1704,YE1704
Yemen,YE,Hajjah,YE17,Aflah Al Yaman,Aflah Al Yaman,YE1714,YE1714
Yemen,YE,Hajjah,YE17,Aflah Ash Shawm,Aflah Ash Shawm,YE1710,YE1710
Yemen,YE,Hajjah,YE17,Al Jamimah,Al Jamimah,YE1708,YE1708
Yemen,YE,Hajjah,YE17,Al Maghrabah,Al Maghrabah,YE1717,YE1717
Yemen,YE,Hajjah,YE17,Al Mahabishah,Al Mahabishah,YE1715,YE1715
Yemen,YE,Hajjah,YE17,Al Miftah,Al Miftah,YE1716,YE1716
Yemen,YE,Hajjah,YE17,Ash Shaghadirah,Ash Shaghadirah,YE1725,YE1725
Yemen,YE,Hajjah,YE17,Ash Shahil,Ash Shahil,YE1721,YE1721
Yemen,YE,Hajjah,YE17,Aslem,Aslem,YE1712,YE1712
Yemen,YE,Hajjah,YE17,Bakil Al Mir,Bakil Al Mir,YE1701,YE1701
Yemen,YE,Hajjah,YE17,Bani Al Awam,Bani Al Awam,YE1727,YE1727
Yemen,YE,Hajjah,YE17,Bani Qa'is,Bani Qais,YE1724,YE1724
Yemen,YE,Hajjah,YE17,Hajjah,Hajjah,YE1729,YE1729
Yemen,YE,Hajjah,YE17,Hajjah City,Hajjah City,YE1728,YE1728
Yemen,YE,Hajjah,YE17,Haradh,Haradh,YE1702,YE1702
Yemen,YE,Hajjah,YE17,Hayran,Hayran,YE1705,YE1705
Yemen,YE,Hajjah,YE17,Khayran Al Muharraq,Khayran Al Muharraq,YE1711,YE1711
Yemen,YE,Hajjah,YE17,Ku'aydinah,Kuaydinah,YE1722,YE1722
Yemen,YE,Hajjah,YE17,Kuhlan Affar,Kuhlan Affar,YE1718,YE1718
Yemen,YE,Hajjah,YE17,Kuhlan Ash Sharaf,Kuhlan Ash Sharaf,YE1709,YE1709
Yemen,YE,Hajjah,YE17,Kushar,Kushar,YE1707,YE1707
Yemen,YE,Hajjah,YE17,Mabyan,Mabyan,YE1720,YE1720
Yemen,YE,Hajjah,YE17,Midi,Midi,YE1703,YE1703
Yemen,YE,Hajjah,YE17,Mustaba,Mustaba,YE1706,YE1706
Yemen,YE,Hajjah,YE17,Najrah,Najrah,YE1726,YE1726
Yemen,YE,Hajjah,YE17,Qafl Shamer,Qafl Shamer,YE1713,YE1713
Yemen,YE,Hajjah,YE17,Qarah,Qarah,YE1731,YE1731
Yemen,YE,Hajjah,YE17,Sharas,Sharas,YE1719,YE1719
Yemen,YE,Hajjah,YE17,Wadhrah,Wadhrah,YE1723,YE1723
Yemen,YE,Hajjah,YE17,Washhah,Washhah,YE1730,YE1730
Yemen,YE,Al Hudaydah,YE18,Ad Dahi,Ad Dahi,YE1809,YE1809
Yemen,YE,Al Hudaydah,YE18,Ad Durayhimi,Ad Durayhimi,YE1814,YE1814
Yemen,YE,Al Hudaydah,YE18,Al Garrahi,Al Garrahi,YE1825,YE1825
Yemen,YE,Al Hudaydah,YE18,Al Hajjaylah,Al Hajjaylah,YE1811,YE1811
Yemen,YE,Al Hudaydah,YE18,Al Hali,Al Hali,YE1823,YE1823
Yemen,YE,Al Hudaydah,YE18,Al Hawak,Al Hawak,YE1821,YE1821
Yemen,YE,Al Hudaydah,YE18,Al Khawkhah,Al Khawkhah,YE1820,YE1820
Yemen,YE,Al Hudaydah,YE18,Al Mansuriyah,Al Mansuriyah,YE1816,YE1816
Yemen,YE,Al Hudaydah,YE18,Al Marawi'ah,Al Marawiah,YE1813,YE1813
Yemen,YE,Al Hudaydah,YE18,Al Mighlaf,Al Mighlaf,YE1808,YE1808
Yemen,YE,Al Hudaydah,YE18,Al Mina,Al Mina,YE1822,YE1822
Yemen,YE,Al Hudaydah,YE18,Al Munirah,Al Munirah,YE1805,YE1805
Yemen,YE,Al Hudaydah,YE18,Al Qanawis,Al Qanawis,YE1806,YE1806
Yemen,YE,Al Hudaydah,YE18,Alluheyah,Alluheyah,YE1802,YE1802
Yemen,YE,Al Hudaydah,YE18,As Salif,As Salif,YE1804,YE1804
Yemen,YE,Al Hudaydah,YE18,As Sukhnah,As Sukhnah,YE1815,YE1815
Yemen,YE,Al Hudaydah,YE18,At Tuhayat,At Tuhayat,YE1826,YE1826
Yemen,YE,Al Hudaydah,YE18,Az Zaydiyah,Az Zaydiyah,YE1807,YE1807
Yemen,YE,Al Hudaydah,YE18,Az Zuhrah,Az Zuhrah,YE1801,YE1801
Yemen,YE,Al Hudaydah,YE18,Bajil,Bajil,YE1810,YE1810
Yemen,YE,Al Hudaydah,YE18,Bayt Al Faqiah,Bayt Al Faqiah,YE1817,YE1817
Yemen,YE,Al Hudaydah,YE18,Bura,Bura,YE1812,YE1812
Yemen,YE,Al Hudaydah,YE18,Hays,Hays,YE1819,YE1819
Yemen,YE,Al Hudaydah,YE18,Jabal Ra's,Jabal Ras,YE1818,YE1818
Yemen,YE,Al Hudaydah,YE18,Kamaran,Kamaran,YE1803,YE1803
Yemen,YE,Al Hudaydah,YE18,Zabid,Zabid,YE1824,YE1824
Yemen,YE,Hadramaut,YE19,Ad Dis,Ad Dis,YE1914,YE1914
Yemen,YE,Hadramaut,YE19,Adh Dhlia'ah,Adh Dhliaah,YE1922,YE1922
Yemen,YE,Hadramaut,YE19,Al Abr,Al Abr,YE1906,YE1906
Yemen,YE,Hadramaut,YE19,Al Mukalla,Al Mukalla,YE1926,YE1930
Yemen,YE,Hadramaut,YE19,Al Mukalla City,Al Mukalla City,YE1927,YE1929
Yemen,YE,Hadramaut,YE19,Al Qaf,Al Qaf,YE1903,YE1903
Yemen,YE,Hadramaut,YE19,Al Qatn,Al Qatn,YE1907,YE1907
Yemen,YE,Hadramaut,YE19,Amd,Amd,YE1921,YE1921
Yemen,YE,Hadramaut,YE19,Ar Raydah Wa Qusayar,Ar Raydah Wa Qusayar,YE1913,YE1913
Yemen,YE,Hadramaut,YE19,As Sawm,As Sawm,YE1912,YE1912
Yemen,YE,Hadramaut,YE19,Ash Shihr,Ash Shihr,YE1915,YE1915
Yemen,YE,Hadramaut,YE19,Brom Mayfa,Brom Mayfa,YE1925,YE1925
Yemen,YE,Hadramaut,YE19,Daw'an,Dawan,YE1918,YE1918
Yemen,YE,Hadramaut,YE19,Ghayl Ba Wazir,Ghayl Ba Wazir,YE1917,YE1917
Yemen,YE,Hadramaut,YE19,Ghayl Bin Yamin,Ghayl Bin Yamin,YE1916,YE1916
Yemen,YE,Hadramaut,YE19,Hagr As Sai'ar,Hagr As Saiar,YE1905,YE1905
Yemen,YE,Hadramaut,YE19,Hajr,Hajr,YE1924,YE1924
Yemen,YE,Hadramaut,YE19,Huraidhah,Huraidhah,YE1928,YE1928
Yemen,YE,Hadramaut,YE19,Rakhyah,Rakhyah,YE1920,YE1920
Yemen,YE,Hadramaut,YE19,Rumah,Rumah,YE1901,YE1901
Yemen,YE,Hadramaut,YE19,Sah,Sah,YE1909,YE1909
Yemen,YE,Hadramaut,YE19,Sayun,Sayun,YE1910,YE1910
Yemen,YE,Hadramaut,YE19,Shibam,Shibam,YE1908,YE1908
Yemen,YE,Hadramaut,YE19,Tarim,Tarim,YE1911,YE1911
Yemen,YE,Hadramaut,YE19,Thamud,Thamud,YE1902,YE1902
Yemen,YE,Hadramaut,YE19,Wadi Al Ayn,Wadi Al Ayn,YE1919,YE1919
Yemen,YE,Hadramaut,YE19,Yabuth,Yabuth,YE1923,YE1923
Yemen,YE,Hadramaut,YE19,Zamakh wa Manwakh,Zamakh wa Manwakh,YE1904,YE1904
Yemen,YE,Dhamar,YE20,Al Hada,Al Hada,YE2001,YE2001
Yemen,YE,Dhamar,YE20,Al Manar,Al Manar,YE2012,YE2012
Yemen,YE,Dhamar,YE20,Anss,Anss,YE2010,YE2010
Yemen,YE,Dhamar,YE20,Dawran Aness,Dawran Aness,YE2011,YE2011
Yemen,YE,Dhamar,YE20,Dhamar City,Dhamar City,YE2008,YE2008
Yemen,YE,Dhamar,YE20,Jabal Ash sharq,Jabal Ash sharq,YE2003,YE2003
Yemen,YE,Dhamar,YE20,Jahran,Jahran,YE2002,YE2002
Yemen,YE,Dhamar,YE20,Maghirib Ans,Maghirib Ans,YE2004,YE2004
Yemen,YE,Dhamar,YE20,Mayfa'at Anss,Mayfaat Anss,YE2009,YE2009
Yemen,YE,Dhamar,YE20,Utmah,Utmah,YE2005,YE2005
Yemen,YE,Dhamar,YE20,Wusab Al Ali,Wusab Al Ali,YE2006,YE2006
Yemen,YE,Dhamar,YE20,Wusab As Safil,Wusab As Safil,YE2007,YE2007
Yemen,YE,Shabwah,YE21,Ain,Ain,YE2106,YE2106
Yemen,YE,Shabwah,YE21,Al Talh,Al Talh,YE2102,YE2102
Yemen,YE,Shabwah,YE21,Ar Rawdah,Ar Rawdah,YE2115,YE2115
Yemen,YE,Shabwah,YE21,Arma,Arma,YE2104,YE2104
Yemen,YE,Shabwah,YE21,As Said,As Said,YE2112,YE2112
Yemen,YE,Shabwah,YE21,Ataq,Ataq,YE2113,YE2113
Yemen,YE,Shabwah,YE21,Bayhan,Bayhan,YE2107,YE2107
Yemen,YE,Shabwah,YE21,Dhar,Dhar,YE2101,YE2101
Yemen,YE,Shabwah,YE21,Habban,Habban,YE2114,YE2114
Yemen,YE,Shabwah,YE21,Hatib,Hatib,YE2111,YE2111
Yemen,YE,Shabwah,YE21,Jardan,Jardan,YE2103,YE2103
Yemen,YE,Shabwah,YE21,Mayfa'a,Mayfaa,YE2116,YE2116
Yemen,YE,Shabwah,YE21,Merkhah Al Ulya,Merkhah Al Ulya,YE2108,YE2108
Yemen,YE,Shabwah,YE21,Merkhah As Sufla,Merkhah As Sufla,YE2109,YE2109
Yemen,YE,Shabwah,YE21,Nisab,Nisab,YE2110,YE2110
Yemen,YE,Shabwah,YE21,Rudum,Rudum,YE2117,YE2117
Yemen,YE,Shabwah,YE21,Usaylan,Usaylan,YE2105,YE2105
Yemen,YE,Sa'ada,YE22,Al Dhaher,Al Dhaher,YE2207,YE2207
Yemen,YE,Sa'ada,YE22,Al Hashwah,Al Hashwah,YE2213,YE2213
Yemen,YE,Sa'ada,YE22,As Safra,As Safra,YE2212,YE2212
Yemen,YE,Sa'ada,YE22,Baqim,Baqim,YE2201,YE2201
Yemen,YE,Sa'ada,YE22,Ghamr,Ghamr,YE2204,YE2204
Yemen,YE,Sa'ada,YE22,Haydan,Haydan,YE2208,YE2208
Yemen,YE,Sa'ada,YE22,Kitaf wa Al Boqe'e,Kitaf wa Al Boqee,YE2214,YE2214
Yemen,YE,Sa'ada,YE22,Majz,Majz,YE2210,YE2210
Yemen,YE,Sa'ada,YE22,Monabbih,Monabbih,YE2203,YE2203
Yemen,YE,Sa'ada,YE22,Qatabir,Qatabir,YE2202,YE2202
Yemen,YE,Sa'ada,YE22,Razih,Razih,YE2205,YE2205
Yemen,YE,Sa'ada,YE22,Sa'adah,Saadah,YE2215,YE2215
Yemen,YE,Sa'ada,YE22,Sahar,Sahar,YE2211,YE2211
Yemen,YE,Sa'ada,YE22,Saqayn,Saqayn,YE2209,YE2209
Yemen,YE,Sa'ada,YE22,Shada'a,Shadaa,YE2206,YE2206
Yemen,YE,Sana'a,YE23,Al Haymah Ad Dakhiliyah,Al Haymah Ad Dakhiliyah,YE2308,YE2308
Yemen,YE,Sana'a,YE23,Al Haymah Al Kharijiyah,Al Haymah Al Kharijiyah,YE2309,YE2309
Yemen,YE,Sana'a,YE23,Al Husn,Al Husn,YE2315,YE2315
Yemen,YE,Sana'a,YE23,Arhab,Arhab,YE2302,YE2302
Yemen,YE,Sana'a,YE23,Attyal,Attyal,YE2313,YE2313
Yemen,YE,Sana'a,YE23,Bani Dhabyan,Bani Dhabyan,YE2314,YE2314
Yemen,YE,Sana'a,YE23,Bani Hushaysh,Bani Hushaysh,YE2304,YE2304
Yemen,YE,Sana'a,YE23,Bani Matar,Bani Matar,YE2307,YE2307
Yemen,YE,Sana'a,YE23,Bilad Ar Rus,Bilad Ar Rus,YE2306,YE2306
Yemen,YE,Sana'a,YE23,Hamdan,Hamdan,YE2301,YE2301
Yemen,YE,Sana'a,YE23,Jihanah,Jihanah,YE2316,YE2316
Yemen,YE,Sana'a,YE23,Khwlan,Khwlan,YE2312,YE2312
Yemen,YE,Sana'a,YE23,Manakhah,Manakhah,YE2310,YE2310
Yemen,YE,Sana'a,YE23,Nihm,Nihm,YE2303,YE2303
Yemen,YE,Sana'a,YE23,Sa'fan,Safan,YE2311,YE2311
Yemen,YE,Sana'a,YE23,Sanhan,Sanhan,YE2305,YE2305
Yemen,YE,Aden,YE24,Al Buraiqeh,Al Buraiqeh,YE2404,YE2404
Yemen,YE,Aden,YE24,Al Mansura,Al Mansura,YE2403,YE2403
Yemen,YE,Aden,YE24,Al Mualla,Al Mualla,YE2406,YE2406
Yemen,YE,Aden,YE24,Ash Shaikh Outhman,Ash Shaikh Outhman,YE2402,YE2402
Yemen,YE,Aden,YE24,Attawahi,Attawahi,YE2405,YE2405
Yemen,YE,Aden,YE24,Craiter,Craiter,YE2407,YE2407
Yemen,YE,Aden,YE24,Dar Sad,Dar Sad,YE2401,YE2401
Yemen,YE,Aden,YE24,Khur Maksar,Khur Maksar,YE2408,YE2408
Yemen,YE,Lahj,YE25,Al  Hawtah,Al  Hawtah,YE2514,YE2514
Yemen,YE,Lahj,YE25,Al Had,Al Had,YE2501,YE2501
Yemen,YE,Lahj,YE25,Al Madaribah Wa Al Arah,Al Madaribah Wa Al Arah,YE2513,YE2513
Yemen,YE,Lahj,YE25,Al Maflahy,Al Maflahy,YE2503,YE2503
Yemen,YE,Lahj,YE25,Al Maqatirah,Al Maqatirah,YE2512,YE2512
Yemen,YE,Lahj,YE25,Al Milah,Al Milah,YE2508,YE2508
Yemen,YE,Lahj,YE25,Al Musaymir,Al Musaymir,YE2509,YE2509
Yemen,YE,Lahj,YE25,Al Qabbaytah,Al Qabbaytah,YE2510,YE2510
Yemen,YE,Lahj,YE25,Habil Jabr,Habil Jabr,YE2505,YE2505
Yemen,YE,Lahj,YE25,Halimayn,Halimayn,YE2506,YE2506
Yemen,YE,Lahj,YE25,Radfan,Radfan,YE2507,YE2507
Yemen,YE,Lahj,YE25,Tuban,Tuban,YE2515,YE2515
Yemen,YE,Lahj,YE25,Tur Al Bahah,Tur Al Bahah,YE2511,YE2511
Yemen,YE,Lahj,YE25,Yafa'a,Yafaa,YE2502,YE2502
Yemen,YE,Lahj,YE25,Yahr,Yahr,YE2504,YE2504
Yemen,YE,Marib,YE26,Al Abdiyah,Al Abdiyah,YE2611,YE2611
Yemen,YE,Marib,YE26,Al Jubah,Al Jubah,YE2607,YE2607
Yemen,YE,Marib,YE26,Bidbadah,Bidbadah,YE2605,YE2605
Yemen,YE,Marib,YE26,Harib,Harib,YE2609,YE2609
Yemen,YE,Marib,YE26,Harib Al Qaramish,Harib Al Qaramish,YE2604,YE2604
Yemen,YE,Marib,YE26,Jabal Murad,Jabal Murad,YE2614,YE2614
Yemen,YE,Marib,YE26,Mahliyah,Mahliyah,YE2610,YE2610
Yemen,YE,Marib,YE26,Majzar,Majzar,YE2601,YE2601
Yemen,YE,Marib,YE26,Marib,Marib,YE2613,YE2613
Yemen,YE,Marib,YE26,Marib City,Marib City,YE2612,YE2612
Yemen,YE,Marib,YE26,Medghal,Medghal,YE2603,YE2603
Yemen,YE,Marib,YE26,Raghwan,Raghwan,YE2602,YE2602
Yemen,YE,Marib,YE26,Rahabah,Rahabah,YE2608,YE2608
Yemen,YE,Marib,YE26,Sirwah,Sirwah,YE2606,YE2606
Yemen,YE,Al Mahwit,YE27,Al Khabt,Al Khabt,YE2704,YE2704
Yemen,YE,Al Mahwit,YE27,Al Mahwait,Al Mahwait,YE2709,YE2709
Yemen,YE,Al Mahwit,YE27,Al Mahwait City,Al Mahwait City,YE2708,YE2708
Yemen,YE,Al Mahwit,YE27,Ar Rujum,Ar Rujum,YE2703,YE2703
Yemen,YE,Al Mahwit,YE27,At Tawilah,At Tawilah,YE2702,YE2702
Yemen,YE,Al Mahwit,YE27,Bani Sa'd,Bani Sad,YE2707,YE2707
Yemen,YE,Al Mahwit,YE27,Hufash,Hufash,YE2706,YE2706
Yemen,YE,Al Mahwit,YE27,Milhan,Milhan,YE2705,YE2705
Yemen,YE,Al Mahwit,YE27,Shibam Kawkaban,Shibam Kawkaban,YE2701,YE2701
Yemen,YE,Al Maharah,YE28,Al Ghaydah,Al Ghaydah,YE2804,YE2804
Yemen,YE,Al Maharah,YE28,Al Masilah,Al Masilah,YE2806,YE2806
Yemen,YE,Al Maharah,YE28,Hat,Hat,YE2802,YE2802
Yemen,YE,Al Maharah,YE28,Hawf,Hawf,YE2803,YE2803
Yemen,YE,Al Maharah,YE28,Huswain,Huswain,YE2809,YE2809
Yemen,YE,Al Maharah,YE28,Man'ar,Manar,YE2805,YE2805
Yemen,YE,Al Maharah,YE28,Qishn,Qishn,YE2808,YE2808
Yemen,YE,Al Maharah,YE28,Sayhut,Sayhut,YE2807,YE2807
Yemen,YE,Al Maharah,YE28,Shahan,Shahan,YE2801,YE2801
Yemen,YE,Amran,YE29,Al Ashah,Al Ashah,YE2903,YE2903
Yemen,YE,Amran,YE29,Al Madan,Al Madan,YE2906,YE2906
Yemen,YE,Amran,YE29,Al Qaflah,Al Qaflah,YE2904,YE2904
Yemen,YE,Amran,YE29,Amran,Amran,YE2915,YE2915
Yemen,YE,Amran,YE29,As Sawd,As Sawd,YE2914,YE2914
Yemen,YE,Amran,YE29,As Sudah,As Sudah,YE2913,YE2913
Yemen,YE,Amran,YE29,Bani Suraim,Bani Suraim,YE2920,YE2920
Yemen,YE,Amran,YE29,Dhi Bin,Dhi Bin,YE2909,YE2909
Yemen,YE,Amran,YE29,Habur Zulaymah,Habur Zulaymah,YE2908,YE2908
Yemen,YE,Amran,YE29,Harf Sufyan,Harf Sufyan,YE2901,YE2901
Yemen,YE,Amran,YE29,Huth,Huth,YE2902,YE2902
Yemen,YE,Amran,YE29,Iyal Surayh,Iyal Surayh,YE2918,YE2918
Yemen,YE,Amran,YE29,Jabal Iyal Yazid,Jabal Iyal Yazid,YE2912,YE2912
Yemen,YE,Amran,YE29,Khamir,Khamir,YE2919,YE2919
Yemen,YE,Amran,YE29,Kharif,Kharif,YE2910,YE2910
Yemen,YE,Amran,YE29,Maswar,Maswar,YE2916,YE2916
Yemen,YE,Amran,YE29,Raydah,Raydah,YE2911,YE2911
Yemen,YE,Amran,YE29,Shaharah,Shaharah,YE2905,YE2905
Yemen,YE,Amran,YE29,Suwayr,Suwayr,YE2907,YE2907
Yemen,YE,Amran,YE29,Thula,Thula,YE2917,YE2917
Yemen,YE,Al Dhale'e,YE30,Ad Dhale'e,Ad Dhalee,YE3006,YE3006
Yemen,YE,Al Dhale'e,YE30,Al Azariq,Al Azariq,YE3008,YE3008
Yemen,YE,Al Dhale'e,YE30,Al Husha,Al Husha,YE3009,YE3009
Yemen,YE,Al Dhale'e,YE30,Al Hussein,Al Hussein,YE3005,YE3005
Yemen,YE,Al Dhale'e,YE30,Ash Shu'ayb,Ash Shuayb,YE3004,YE3004
Yemen,YE,Al Dhale'e,YE30,Damt,Damt,YE3002,YE3002
Yemen,YE,Al Dhale'e,YE30,Jahaf,Jahaf,YE3007,YE3007
Yemen,YE,Al Dhale'e,YE30,Juban,Juban,YE3001,YE3001
Yemen,YE,Al Dhale'e,YE30,Qa'atabah,Qaatabah,YE3003,YE3003
Yemen,YE,Raymah,YE31,Al Jabin,Al Jabin,YE3103,YE3102
Yemen,YE,Raymah,YE31,Al Jafariyah,Al Jafariyah,YE3106,YE3105
Yemen,YE,Raymah,YE31,As Salafiyah,As Salafiyah,YE3102,YE3103
Yemen,YE,Raymah,YE31,Bilad At Ta'am,Bilad At Taam,YE3101,YE3101
Yemen,YE,Raymah,YE31,Kusmah,Kusmah,YE3105,YE3104
Yemen,YE,Raymah,YE31,Mazhar,Mazhar,YE3104,YE3106
Yemen,YE,Socotra,YE32,Hidaybu,Hidaybu,YE3201,YE1926
Yemen,YE,Socotra,YE32,Qulensya Wa Abd Al Kuri,Qulensya Wa Abd Al Kuri,YE3202,YE1927
